{"nodes":null,"selection":null,"view":{"scroll":{"x":187.0528564453125,"y":47.2925186157226562},"visible_rect":{"max":{"x":1053.6773681640625,"y":686.7139892578125},"min":{"x":133.346633911132812,"y":33.7139892578125}},"zoom":1.4027564525604248}}